FirstLastTeam,Initial,First Name,Surname,Hypen,Club,POS
LWhitfieldGWS,L,Lachie,Whitfield,,GWS,FWD
DMartinRIC,D,Dustin,Martin,,RIC,FWD
DSmithESS,D,Devon,Smith,,ESS,FWD
MWaltersFRE,M,Michael,Walters,,FRE,FWD
TGreeneGWS,T,Toby,Greene,,GWS,FWD
IHeeneySYD,I,Isaac,Heeney,,SYD,FWD
BEbertPOR,B,Brad,Ebert,,POR,FWD
JZiebellNME,J,Jack,Ziebell,,NME,FWD
TLynchADE,T,Tom,Lynch,,ADE,FWD
JStevenGEE,J,Jack,Steven,,GEE,FWD
CWingardHAW,C,Chad,Wingard,,HAW,FWD
GAblettGEE,G,Gary,Ablett,,GEE,FWD
JMartinCAR,J,Jack,Martin,,CAR,FWD
JDawsonSYD,J,Jordan,Dawson,,SYD,FWD
JCameronGWS,J,Jeremy,Cameron,,GWS,FWD
KLambertRIC,K,Kane,Lambert,,RIC,FWD
ABrayshawFRE,A,Andrew,Brayshaw,,FRE,FWD
DMacPhersonGCS,D,Darcy,MacPherson,,GCS,FWD
CRozeePOR,C,Connor,Rozee,,POR,FWD
HGreenwoodGCS,H,Hugh,Greenwood,,GCS,FWD
DParishESS,D,Darcy,Parish,,ESS,FWD
PLipinskiWBD,P,Patrick,Lipinski,,WBD,FWD
JGreshamSTK,J,Jade,Gresham,,STK,FWD
LFranklinSYD,L,Lance,Franklin,,SYD,FWD
JDeCOL,J,Jordan,De,Goey,COL,FWD
JWesthoffPOR,J,Justin,Westhoff,,POR,FWD
BAcresFRE,B,Blake,Acres,,FRE,FWD
RGrayPOR,R,Robbie,Gray,,POR,FWD
CPetraccaMEL,C,Christian,Petracca,,MEL,FWD
BParfittGEE,B,Brandan,Parfitt,,GEE,FWD
JStephensonCOL,J,Jaidyn,Stephenson,,COL,FWD
TPapleySYD,T,Tom,Papley,,SYD,FWD
JCeglarHAW,J,Jonathon,Ceglar,,HAW,FWD
MWallisWBD,M,Mitch,Wallis,,WBD,FWD
LDahlhausGEE,L,Luke,Dahlhaus,,GEE,FWD
TMcDonaldMEL,T,Tom,McDonald,,MEL,FWD
JGunstonHAW,J,Jack,Gunston,,HAW,FWD
MTabernerFRE,M,Matt,Taberner,,FRE,FWD
SLloydWBD,S,Sam,Lloyd,,WBD,FWD
JCaddyRIC,J,Josh,Caddy,,RIC,FWD
SHillFRE,S,Stephen,Hill,,FRE,FWD
SPowell-PepperPOR,S,Sam,Powell-Pepper,,POR,FWD
JRiewoldtRIC,J,Jack,Riewoldt,,RIC,FWD
JElliottCOL,J,Jamie,Elliott,,COL,FWD
WHoskin-ElliottCOL,W,Will,Hoskin-Elliott,,COL,FWD
CJonesADE,C,Chayce,Jones,,ADE,FWD
TJ.RIC,T,Tom,J.,Lynch,RIC,FWD
JSinclairSTK,J,Jack,Sinclair,,STK,FWD
BFritschMEL,B,Bayley,Fritsch,,MEL,FWD
ANeal-BullenMEL,A,Alex,Neal-Bullen,,MEL,FWD
GMiersGEE,G,Gryan,Miers,,GEE,FWD
BSmithWBD,B,Bailey,Smith,,WBD,FWD
KLangfordESS,K,Kyle,Langford,,ESS,FWD
SGraySYD,S,Sam,Gray,,SYD,FWD
TMcLeanWBD,T,Toby,McLean,,WBD,FWD
JMelkshamMEL,J,Jake,Melksham,,MEL,FWD
JDarlingWCE,J,Jack,Darling,,WCE,FWD
JSimpkinNME,J,Jy,Simpkin,,NME,FWD
PRyderSTK,P,Paddy,Ryder,,STK,FWD
BBrownNME,B,Ben,Brown,,NME,FWD
BMihocekCOL,B,Brody,Mihocek,,COL,FWD
DTuckerFRE,D,Darcy,Tucker,,FRE,FWD
THawkinsGEE,T,Tom,Hawkins,,GEE,FWD
JJenkinsGEE,J,Josh,Jenkins,,GEE,FWD
JFinlaysonGWS,J,Jeremy,Finlayson,,GWS,FWD
JPattonHAW,J,Jonathon,Patton,,HAW,FWD
LBreustHAW,L,Luke,Breust,,HAW,FWD
JJ.WCE,J,Josh,J.,Kennedy,WCE,FWD
TThomasNME,T,Tarryn,Thomas,,NME,FWD
RKnightADE,R,Riley,Knight,,ADE,FWD
CDixonPOR,C,Charlie,Dixon,,POR,FWD
MGibbonsCAR,M,Michael,Gibbons,,CAR,FWD
TMembreySTK,T,Tim,Membrey,,STK,FWD
BDaleWBD,B,Bailey,Dale,,WBD,FWD
CCurnowCAR,C,Charlie,Curnow,,CAR,FWD
JStringerESS,J,Jake,Stringer,,ESS,FWD
ZFisherCAR,Z,Zac,Fisher,,CAR,FWD
JTownsendESS,J,Jacob,Townsend,,ESS,FWD
SReidSYD,S,Sam,Reid,,SYD,FWD
SMcKernanESS,S,Shaun,McKernan,,ESS,FWD
WSnellingESS,W,William,Snelling,,ESS,FWD
JDaniherESS,J,Joe,Daniher,,ESS,FWD
JCastagnaRIC,J,Jason,Castagna,,RIC,FWD
LBakerRIC,L,Liam,Baker,,RIC,FWD
PWrightGCS,P,Peter,Wright,,GCS,FWD
MBrownMEL,M,Mitch,Brown,,MEL,FWD
CCameronBRI,C,Charlie,Cameron,,BRI,FWD
JHigginsRIC,J,Jack,Higgins,,RIC,FWD
JLonieSTK,J,Jack,Lonie,,STK,FWD
DCuninghamCAR,D,David,Cuningham,,CAR,FWD
JSilvagniCAR,J,Jack,Silvagni,,CAR,FWD
JHoganFRE,J,Jesse,Hogan,,FRE,FWD
CColeman-JonesRIC,C,Callum,Coleman-Jones,,RIC,FWD
PLadhamsPOR,P,Peter,Ladhams,,POR,FWD
LCasboultCAR,L,Levi,Casboult,,CAR,FWD
CL.COL,C,Callum,L.,Brown,COL,FWD
BAinsworthGCS,B,Ben,Ainsworth,,GCS,FWD
SMotlopPOR,S,Steven,Motlop,,POR,FWD
AChristensenBRI,A,Allen,Christensen,,BRI,FWD
JCrippsWCE,J,Jamie,Cripps,,WCE,FWD
ANaughtonWBD,A,Aaron,Naughton,,WBD,FWD
CZurhaarNME,C,Cameron,Zurhaar,,NME,FWD
WRioliWCE,W,Willie,Rioli,,WCE,FWD
SBoltonRIC,S,Shai,Bolton,,RIC,FWD
SDayGCS,S,Sam,Day,,GCS,FWD
NHolmanGCS,N,Nick,Holman,,GCS,FWD
JRowbottomSYD,J,James,Rowbottom,,SYD,FWD
TWalkerADE,T,Taylor,Walker,,ADE,FWD
MLewisHAW,M,Mitch,Lewis,,HAW,FWD
AMcDonald-TipungwutiESS,A,Anthony,McDonald-Tipungwuti,,ESS,FWD
BMateraFRE,B,Brandon,Matera,,FRE,FWD
HMcKayCAR,H,Harry,McKay,,CAR,FWD
JWatermanWCE,J,Jake,Waterman,,WCE,FWD
DKentSTK,D,Dean,Kent,,STK,FWD
MWoodNME,M,Mason,Wood,,NME,FWD
BDanielsGWS,B,Brent,Daniels,,GWS,FWD
HHimmelbergGWS,H,Harry,Himmelberg,,GWS,FWD
TColyerFRE,T,Travis,Colyer,,FRE,FWD
KChandlerMEL,K,Kade,Chandler,,MEL,FWD
LMcCarthyBRI,L,Lincoln,McCarthy,,BRI,FWD
DFogartyADE,D,Darcy,Fogarty,,ADE,FWD
JThomasCOL,J,Josh,Thomas,,COL,FWD
TO'BrienHAW,T,Tim,O'Brien,,HAW,FWD
EHimmelbergADE,E,Elliott,Himmelberg,,ADE,FWD
TGarnerNME,T,Taylor,Garner,,NME,FWD
EBettsCAR,E,Eddie,Betts,,CAR,FWD
ASextonGCS,A,Alex,Sexton,,GCS,FWD
JLaverdeESS,J,Jayden,Laverde,,ESS,FWD
JBruceWBD,J,Josh,Bruce,,WBD,FWD
TStengleADE,T,Tyson,Stengle,,ADE,FWD
TDicksonWBD,T,Tory,Dickson,,WBD,FWD
EHipwoodBRI,E,Eric,Hipwood,,BRI,FWD
OAllenWCE,O,Oscar,Allen,,WCE,FWD
DLloydGWS,D,Daniel,Lloyd,,GWS,FWD
LRyanWCE,L,Liam,Ryan,,WCE,FWD
ZButtersPOR,Z,Zak,Butters,,POR,FWD
RMathiesonBRI,R,Rhys,Mathieson,,BRI,FWD
BPreussMEL,B,Braydon,Preuss,,MEL,FWD
JLockhartMEL,J,Jay,Lockhart,,MEL,FWD
SSwitkowskiFRE,S,Sam,Switkowski,,FRE,FWD
CMcCarthyFRE,C,Cam,McCarthy,,FRE,FWD
DRioliRIC,D,Daniel,Rioli,,RIC,FWD
MCrowdenFRE,M,Mitchell,Crowden,,FRE,FWD
OMcInerneyBRI,O,Oscar,McInerney,,BRI,FWD
WHaywardSYD,W,Will,Hayward,,SYD,FWD
KTurnerNME,K,Kayne,Turner,,NME,FWD
BBanfieldFRE,B,Bailey,Banfield,,FRE,FWD
LMurphyADE,L,Lachlan,Murphy,,ADE,FWD
JSchacheWBD,J,Josh,Schache,,WBD,FWD
JHuntMEL,J,Jayden,Hunt,,MEL,FWD
BReidCOL,B,Ben,Reid,,COL,FWD
PPuopoloHAW,P,Paul,Puopolo,,HAW,FWD
DFortGEE,D,Darcy,Fort,,GEE,FWD
BKeaysADE,B,Ben,Keays,,ADE,FWD
OFantasiaESS,O,Orazio,Fantasia,,ESS,FWD
DHowardSTK,D,Dougal,Howard,,STK,FWD
MCholRIC,M,Mabior,Chol,,RIC,FWD
BBewleyFRE,B,Brett,Bewley,,FRE,FWD
DMooreHAW,D,Dylan,Moore,,HAW,FWD
BScottNME,B,Bailey,Scott,,NME,FWD
NLarkeyNME,N,Nick,Larkey,,NME,FWD
HMorrisonHAW,H,Harry,Morrison,,HAW,FWD
TVarcoeCOL,T,Travis,Varcoe,,COL,FWD
CWagnerMEL,C,Corey,Wagner,,MEL,FWD
PDowCAR,P,Paddy,Dow,,CAR,FWD
RWestWBD,R,Rhylee,West,,WBD,FWD
LDavies-UniackeNME,L,Luke,Davies-Uniacke,,NME,FWD
TAtkinsGEE,T,Tom,Atkins,,GEE,FWD
MParkerSTK,M,Matthew,Parker,,STK,FWD
SLemmensGCS,S,Sean,Lemmens,,GCS,FWD
MBuntineGWS,M,Matt,Buntine,,GWS,FWD
BLongSTK,B,Ben,Long,,STK,FWD
JGallucciADE,J,Jordan,Gallucci,,ADE,FWD
RFoxSYD,R,Robbie,Fox,,SYD,FWD
JLukosiusGCS,J,Jack,Lukosius,,GCS,FWD
RSmithWBD,R,Roarke,Smith,,WBD,FWD
TSparrowMEL,T,Tom,Sparrow,,MEL,FWD
TMarshallPOR,T,Todd,Marshall,,POR,FWD
JBegleyESS,J,Josh,Begley,,ESS,FWD
OHanrahanHAW,O,Oliver,Hanrahan,,HAW,FWD
DMcStayBRI,D,Daniel,McStay,,BRI,FWD
MCoxCOL,M,Mason,Cox,,COL,FWD
SWeidemanMEL,S,Sam,Weideman,,MEL,FWD
JPetruccelleWCE,J,Jack,Petruccelle,,WCE,FWD
MPoholkeADE,M,Myles,Poholke,,ADE,FWD
ERichardsWBD,E,Ed,Richards,,WBD,FWD
IHillGWS,I,Ian,Hill,,GWS,FWD
CSutcliffePOR,C,Cameron,Sutcliffe,,POR,FWD
ERatugoleaGEE,E,Esava,Ratugolea,,GEE,FWD
JCameronWCE,J,Jarrod,Cameron,,WCE,FWD
BHamESS,B,Brayden,Ham,,ESS,FWD
HPettyMEL,H,Harrison,Petty,,MEL,FWD
NBlakeySYD,N,Nick,Blakey,,SYD,FWD
GRohanGEE,G,Gary,Rohan,,GEE,FWD
KDunkleyMEL,K,Kyle,Dunkley,,MEL,FWD
MMcGovernCAR,M,Mitch,McGovern,,CAR,FWD
CSpargoMEL,C,Charlie,Spargo,,MEL,FWD
BRonkeSYD,B,Ben,Ronke,,SYD,FWD
TMcCartinSYD,T,Tom,McCartin,,SYD,FWD
MKennedyCAR,M,Matthew,Kennedy,,CAR,FWD
DButlerSTK,D,Dan,Butler,,STK,FWD
NHindSTK,N,Nick,Hind,,STK,FWD
BCoxFRE,B,Brennan,Cox,,FRE,FWD
NBaltaRIC,N,Noah,Balta,,RIC,FWD
LSchultzFRE,L,Lachlan,Schultz,,FRE,FWD
DLangCAR,D,Darcy,Lang,,CAR,FWD
JHeronGCS,J,Jacob,Heron,,GCS,FWD
KFarrellPOR,K,Kane,Farrell,,POR,FWD
CRaynerBRI,C,Cameron,Rayner,,BRI,FWD
BCrockerADE,B,Ben,Crocker,,ADE,FWD
DVenablesWCE,D,Daniel,Venables,,WCE,FWD
ZLangdonGWS,Z,Zac,Langdon,,GWS,FWD
CCoxBRI,C,Cedric,Cox,,BRI,FWD
JCorbettGCS,J,Joshua,Corbett,,GCS,FWD
LKeeffeGWS,L,Lachlan,Keeffe,,GWS,FWD
BGowersWBD,B,Billy,Gowers,,WBD,FWD
MHannanMEL,M,Mitch,Hannan,,MEL,FWD
ABonarNME,A,Aiden,Bonar,,NME,FWD
CNashHAW,C,Conor,Nash,,HAW,FWD
BKingGCS,B,Ben,King,,GCS,FWD
TCampbellNME,T,Tom,Campbell,,NME,FWD
BFramptonADE,B,Billy,Frampton,,ADE,FWD
JBranderWCE,J,Jarrod,Brander,,WCE,FWD
JBellSYD,J,James,Bell,,SYD,FWD
HDixonFRE,H,Hugh,Dixon,,FRE,FWD
HDixonFRE,H,Hugh,Dixon,,FRE,FWD
JSchoenfeldGCS,J,Josh,Schoenfeld,,GCS,FWD
RGardnerWBD,R,Ryan,Gardner,,WBD,FWD
BDavisADE,B,Ben,Davis,,ADE,FWD
CPolsonCAR,C,Cameron,Polson,,CAR,FWD
CTaylorNME,C,Curtis,Taylor,,NME,FWD
ZSprouleGWS,Z,Zach,Sproule,,GWS,FWD
AvandenBergMEL,A,Aaron,vandenBerg,,MEL,FWD
JStewartESS,J,James,Stewart,,ESS,FWD
FGreeneWBD,F,Fergus,Greene,,WBD,FWD
WWalkerNME,W,Will,Walker,,NME,FWD
NCockatooGEE,N,Nakia,Cockatoo,,GEE,FWD
WBuzzaPOR,W,Wylie,Buzza,,POR,FWD
DCameronCOL,D,Darcy,Cameron,,COL,FWD
TBroomheadCOL,T,Tim,Broomhead,,COL,FWD
SSkinnerBRI,S,Sam,Skinner,,BRI,FWD
CBallendenBRI,C,Connor,Ballenden,,BRI,FWD
TWoollerBRI,T,Toby,Wooller,,BRI,FWD
JBuckleyGWS,J,Jack,Buckley,,GWS,FWD
JRossHAW,J,Jackson,Ross,,HAW,FWD
TXerriNME,T,Tristan,Xerri,,NME,FWD
JPatmorePOR,J,Jake,Patmore,,POR,FWD
SMcAdamADE,S,Shane,McAdam,,ADE,FWD
KStrachanADE,K,Kieran,Strachan,,ADE,FWD
JMaddenBRI,J,James,Madden,,BRI,FWD
TBerryBRI,T,Thomas,Berry,,BRI,FWD
TFullartonBRI,T,Thomas,Fullarton,,BRI,FWD
CMcFadyenBRI,C,Connor,McFadyen,,BRI,FWD
TJoyceBRI,T,Tom,Joyce,,BRI,FWD
ESmithBRI,E,Ely,Smith,,BRI,FWD
MOwiesCAR,M,Matthew,Owies,,CAR,FWD
FO'DwyerCAR,F,Finbar,O'Dwyer,,CAR,FWD
WKellyCOL,W,Will,Kelly,,COL,FWD
ATohillCOL,A,Anton,Tohill,,COL,FWD
ABosenavulagiCOL,A,Atu,Bosenavulagi,,COL,FWD
NGownESS,N,Noah,Gown,,ESS,FWD
IMosquitoESS,I,Irving,Mosquito,,ESS,FWD
SSturtFRE,S,Sam,Sturt,,FRE,FWD
NKreugerGEE,N,Nathan,Kreuger,,GEE,FWD
JTarcaGEE,J,Jake,Tarca,,GEE,FWD
BSchlensogGEE,B,Blake,Schlensog,,GEE,FWD
OBrownlessGEE,O,Oscar,Brownless,,GEE,FWD
IRankineGCS,I,Izak,Rankine,,GCS,FWD
KBriggsGWS,K,Kieren,Briggs,,GWS,FWD
MWalkerHAW,M,Mathew,Walker,,HAW,FWD
WGoldsHAW,W,Will,Golds,,HAW,FWD
TBedfordMEL,T,Toby,Bedford,,MEL,FWD
LHosieNME,L,Lachlan,Hosie,,NME,FWD
BWoodcockPOR,B,Boyd,Woodcock,,POR,FWD
TCoxPOR,T,Tobin,Cox,,POR,FWD
LEnglishRIC,L,Luke,English,,RIC,FWD
JAartsRIC,J,Jake,Aarts,,RIC,FWD
JMayoSTK,J,Jack,Mayo,,STK,FWD
MKingSTK,M,Max,King,,STK,FWD
ZFootSYD,Z,Zac,Foot,,SYD,FWD
LVandermeerWBD,L,Laitham,Vandermeer,,WBD,FWD
BCavarraWBD,B,Ben,Cavarra,,WBD,FWD
LHenryFRE,L,Liam,Henry,,FRE,FWD
SFlandersGCS,S,Sam,Flanders,,GCS,FWD
KKropinyeri-PickettMEL,K,Kysaiah,Kropinyeri-Pickett,,MEL,FWD
MBergmanPOR,M,Miles,Bergman,,POR,FWD
CWeightmanWBD,C,Cody,Weightman,,WBD,FWD
MGeorgiadesPOR,M,Mitchell,Georgiades,,POR,FWD
DWilliamsPOR,D,Dylan,Williams,,POR,FWD
JWorrellADE,J,Joshua,Worrell,,ADE,FWD
HJonesESS,H,Harrison,Jones,,ESS,FWD
CCombenNME,C,Charlie,Comben,,NME,FWD
JMahonyNME,J,Jack,Mahony,,NME,FWD
ETaylorSYD,E,Elijah,Taylor,,SYD,FWD
KColemanBRI,K,Keidean,Coleman,,BRI,FWD
FEvansGEE,F,Francis,Evans,,GEE,FWD
NCumberlandRIC,N,Noah,Cumberland,,RIC,FWD
HRalphsmithRIC,H,Hugo,Ralphsmith,,RIC,FWD
CTahenyGEE,C,Cameron,Taheny,,GEE,FWD
JHoneyCAR,J,Josh,Honey,,CAR,FWD
FPhillipsCAR,F,Fraser,Phillips,,CAR,FWD
NCahillESS,N,Ned,Cahill,,ESS,FWD
LJohnsonESS,L,Lachlan,Johnson,,ESS,FWD
MFrederickFRE,M,Minairo,Frederick,,FRE,FWD
BCloseGEE,B,Bradley,Close,,GEE,FWD
JFarrarGCS,J,Jy,Farrar,,GCS,FWD
CBudarickGCS,C,Connor,Budarick,,GCS,FWD
MRosasGCS,M,Malcolm,Rosas,,GCS,FWD
JRiccardiGWS,J,Jake,Riccardi,,GWS,FWD
THutchessonGWS,T,Tom,Hutchesson,,GWS,FWD
JMorrisHAW,J,Josh,Morris,,HAW,FWD
EJekaHAW,E,Emerson,Jeka,,HAW,FWD
TBurgoynePOR,T,Trent,Burgoyne,,POR,FWD
ATreacyWCE,A,Anthony,Treacy,,WCE,FWD
TWilsonCOL,T,Thomas,Wilson,,COL,FWD
RMcQuillanESS,R,Ross,McQuillan,,ESS,FWD
IButtersFRE,I,Isaiah,Butters,,FRE,FWD
PMurtaghGCS,P,Patrick,Murtagh,,GCS,FWD
BGrundyCOL,B,Brodie,Grundy,,COL,RUC
MGawnMEL,M,Max,Gawn,,MEL,RUC
RO'BrienADE,R,Reilly,O'Brien,,ADE,RUC
JWittsGCS,J,Jarrod,Witts,,GCS,RUC
RMarshallSTK,R,Rowan,Marshall,,STK,RUC
SLycettPOR,S,Scott,Lycett,,POR,RUC
TGoldsteinNME,T,Todd,Goldstein,,NME,RUC
SMartinBRI,S,Stefan,Martin,,BRI,RUC
SJacobsGWS,S,Sam,Jacobs,,GWS,RUC
MKreuzerCAR,M,Matthew,Kreuzer,,CAR,RUC
TEnglishWBD,T,Tim,English,,WBD,RUC
SDarcyFRE,S,Sean,Darcy,,FRE,RUC
NNaitanuiWCE,N,Nic,Naitanui,,WCE,RUC
JCeglarHAW,J,Jonathon,Ceglar,,HAW,RUC
RStanleyGEE,R,Rhys,Stanley,,GEE,RUC
TNankervisRIC,T,Toby,Nankervis,,RIC,RUC
BMcEvoyHAW,B,Ben,McEvoy,,HAW,RUC
APhillipsESS,A,Andrew,Phillips,,ESS,RUC
RLobbFRE,R,Rory,Lobb,,FRE,RUC
SNaismithSYD,S,Sam,Naismith,,SYD,RUC
CSinclairSYD,C,Callum,Sinclair,,SYD,RUC
TBellchambersESS,T,Tom,Bellchambers,,ESS,RUC
THickeyWCE,T,Tom,Hickey,,WCE,RUC
JPattonHAW,J,Jonathon,Patton,,HAW,RUC
ZSmithGCS,Z,Zac,Smith,,GCS,RUC
RAbbottSTK,R,Ryan,Abbott,,STK,RUC
ISoldoRIC,I,Ivan,Soldo,,RIC,RUC
PRyderSTK,P,Paddy,Ryder,,STK,RUC
CColeman-JonesRIC,C,Callum,Coleman-Jones,,RIC,RUC
SMumfordGWS,S,Shane,Mumford,,GWS,RUC
PLadhamsPOR,P,Peter,Ladhams,,POR,RUC
HMcLeanSYD,H,Hayden,McLean,,SYD,RUC
BPreussMEL,B,Braydon,Preuss,,MEL,RUC
OMcInerneyBRI,O,Oscar,McInerney,,BRI,RUC
MCholRIC,M,Mabior,Chol,,RIC,RUC
MPittonetCAR,M,Marc,Pittonet,,CAR,RUC
NVardyWCE,N,Nathan,Vardy,,WCE,RUC
NBaltaRIC,N,Noah,Balta,,RIC,RUC
ASmithBRI,A,Archie,Smith,,BRI,RUC
TCampbellNME,T,Tom,Campbell,,NME,RUC
TDeCAR,T,Tom,De,Koning,CAR,RUC
DCameronCOL,D,Darcy,Cameron,,COL,RUC
MLynchCOL,M,Max,Lynch,,COL,RUC
SDraperESS,S,Sam,Draper,,ESS,RUC
MFlynnGWS,M,Matthew,Flynn,,GWS,RUC
LMeekFRE,L,Lloyd,Meek,,FRE,RUC
TXerriNME,T,Tristan,Xerri,,NME,RUC
SHayesPOR,S,Sam,Hayes,,POR,RUC
JAmarteySYD,J,Joel,Amartey,,SYD,RUC
KStrachanADE,K,Kieran,Strachan,,ADE,RUC
NReevesHAW,N,Ned,Reeves,,HAW,RUC
ABradtkeMEL,A,Austin,Bradtke,,MEL,RUC
SAlabakisSTK,S,Sam,Alabakis,,STK,RUC
MKnollSYD,M,Michael,Knoll,,SYD,RUC
JSweetWBD,J,Jordon,Sweet,,WBD,RUC
LJacksonMEL,L,Luke,Jackson,,MEL,RUC
CCombenNME,C,Charlie,Comben,,NME,RUC
NBryanESS,N,Nick,Bryan,,ESS,RUC
CJamiesonWCE,C,Callum,Jamieson,,WCE,RUC
MConroyGCS,M,Matthew,Conroy,,GCS,RUC
BNyuonRIC,B,Bigoa,Nyuon,,RIC,RUC
JBellSTK,J,Jack,Bell,,STK,RUC
JMacraeWBD,J,Jack,Macrae,,WBD,MID
TMitchellHAW,T,Tom,Mitchell,,HAW,MID
JKellyGWS,J,Josh,Kelly,,GWS,MID
JDunkleyWBD,J,Josh,Dunkley,,WBD,MID
ATreloarCOL,A,Adam,Treloar,,COL,MID
TTarantoGWS,T,Tim,Taranto,,GWS,MID
AGaffWCE,A,Andrew,Gaff,,WCE,MID
PDangerfieldGEE,P,Patrick,Dangerfield,,GEE,MID
ZMerrettESS,Z,Zach,Merrett,,ESS,MID
SConiglioGWS,S,Stephen,Coniglio,,GWS,MID
COliverMEL,C,Clayton,Oliver,,MEL,MID
PCrippsCAR,P,Patrick,Cripps,,CAR,MID
MCrouchADE,M,Matt,Crouch,,ADE,MID
BCrouchADE,B,Brad,Crouch,,ADE,MID
LNealeBRI,L,Lachie,Neale,,BRI,MID
MBontempelliWBD,M,Marcus,Bontempelli,,WBD,MID
DZorkoBRI,D,Dayne,Zorko,,BRI,MID
NFyfeFRE,N,Nat,Fyfe,,FRE,MID
SRossSTK,S,Sebastian,Ross,,STK,MID
TRockliffPOR,T,Tom,Rockliff,,POR,MID
TKellyWCE,T,Tim,Kelly,,WCE,MID
EYeoWCE,E,Elliot,Yeo,,WCE,MID
SPendleburyCOL,S,Scott,Pendlebury,,COL,MID
TBoakPOR,T,Travis,Boak,,POR,MID
MDuncanGEE,M,Mitch,Duncan,,GEE,MID
TAdamsCOL,T,Taylor,Adams,,COL,MID
JO'MearaHAW,J,Jaeger,O'Meara,,HAW,MID
RSloaneADE,R,Rory,Sloane,,ADE,MID
JBillingsSTK,J,Jack,Billings,,STK,MID
JLyonsBRI,J,Jarryd,Lyons,,BRI,MID
SSidebottomCOL,S,Steele,Sidebottom,,COL,MID
LHunterWBD,L,Lachie,Hunter,,WBD,MID
DPrestiaRIC,D,Dion,Prestia,,RIC,MID
JP.SYD,J,Josh,P.,Kennedy,SYD,MID
ABrayshawMEL,A,Angus,Brayshaw,,MEL,MID
LParkerSYD,L,Luke,Parker,,SYD,MID
SWalshCAR,S,Sam,Walsh,,CAR,MID
MMurphyCAR,M,Marc,Murphy,,CAR,MID
JSteeleSTK,J,Jack,Steele,,STK,MID
BGibbsADE,B,Bryce,Gibbs,,ADE,MID
DHeppellESS,D,Dyson,Heppell,,ESS,MID
LShueyWCE,L,Luke,Shuey,,WCE,MID
DShielESS,D,Dylan,Shiel,,ESS,MID
ECurnowCAR,E,Ed,Curnow,,CAR,MID
JWorpelHAW,J,James,Worpel,,HAW,MID
LShielsHAW,L,Liam,Shiels,,HAW,MID
DHanneberySTK,D,Dan,Hannebery,,STK,MID
SHigginsNME,S,Shaun,Higgins,,NME,MID
HMcCluggageBRI,H,Hugh,McCluggage,,BRI,MID
JHarmesMEL,J,James,Harmes,,MEL,MID
JSelwoodGEE,J,Joel,Selwood,,GEE,MID
BCunningtonNME,B,Ben,Cunnington,,NME,MID
MRobinsonBRI,M,Mitch,Robinson,,BRI,MID
RHendersonHAW,R,Ricky,Henderson,,HAW,MID
BFioriniGCS,B,Brayden,Fiorini,,GCS,MID
OWinesPOR,O,Ollie,Wines,,POR,MID
JHopperGWS,J,Jacob,Hopper,,GWS,MID
ELangdonMEL,E,Ed,Langdon,,MEL,MID
JReddenWCE,J,Jack,Redden,,WCE,MID
TMillerGCS,T,Touk,Miller,,GCS,MID
TPhillipsCOL,T,Tom,Phillips,,COL,MID
BHillSTK,B,Bradley,Hill,,STK,MID
JPolecNME,J,Jared,Polec,,NME,MID
WBrodieGCS,W,Will,Brodie,,GCS,MID
TDumontNME,T,Trent,Dumont,,NME,MID
ISmithHAW,I,Isaac,Smith,,HAW,MID
DSwallowGCS,D,David,Swallow,,GCS,MID
JVineyMEL,J,Jack,Viney,,MEL,MID
LDunstanSTK,L,Luke,Dunstan,,STK,MID
SMenegolaGEE,S,Sam,Menegola,,GEE,MID
TCotchinRIC,T,Trent,Cotchin,,RIC,MID
AMilesGCS,A,Anthony,Miles,,GCS,MID
DZaharakisESS,D,David,Zaharakis,,ESS,MID
DMundyFRE,D,David,Mundy,,FRE,MID
DSheedWCE,D,Dom,Sheed,,WCE,MID
BEllisGCS,B,Brandon,Ellis,,GCS,MID
JBerryBRI,J,Jarrod,Berry,,BRI,MID
CWardGWS,C,Callan,Ward,,GWS,MID
CEllis-YolmenBRI,C,Cameron,Ellis-Yolmen,,BRI,MID
CConstableGEE,C,Charlie,Constable,,GEE,MID
JGrahamRIC,J,Jack,Graham,,RIC,MID
ZJonesSTK,Z,Zak,Jones,,STK,MID
RAtkinsADE,R,Rory,Atkins,,ADE,MID
TCutlerESS,T,Tom,Cutler,,ESS,MID
AMcGrathESS,A,Andrew,McGrath,,ESS,MID
JAndersonNME,J,Jed,Anderson,,NME,MID
XDuursmaPOR,X,Xavier,Duursma,,POR,MID
CMayneCOL,C,Chris,Mayne,,COL,MID
ATomlinsonMEL,A,Adam,Tomlinson,,MEL,MID
CGuthrieGEE,C,Cameron,Guthrie,,GEE,MID
KAmonPOR,K,Karl,Amon,,POR,MID
TLiberatoreWBD,T,Tom,Liberatore,,WBD,MID
HPerrymanGWS,H,Harry,Perryman,,GWS,MID
GHewettSYD,G,George,Hewett,,SYD,MID
RConcaFRE,R,Reece,Conca,,FRE,MID
OFlorentSYD,O,Oliver,Florent,,SYD,MID
JCousinsHAW,J,James,Cousins,,HAW,MID
PSeedsmanADE,P,Paul,Seedsman,,ADE,MID
DTysonNME,D,Dom,Tyson,,NME,MID
JBowesGCS,J,Jack,Bowes,,GCS,MID
DBeamsCOL,D,Dayne,Beams,,COL,MID
QNarkleGEE,Q,Quinton,Narkle,,GEE,MID
AHallNME,A,Aaron,Hall,,NME,MID
PNaishRIC,P,Patrick,Naish,,RIC,MID
LTaylorSYD,L,Lewis,Taylor,,SYD,MID
MdeGWS,M,Matt,de,Boer,GWS,MID
JNewnesCAR,J,Jack,Newnes,,CAR,MID
WHayesWBD,W,Will,Hayes,,WBD,MID
BAhWCE,B,Brendon,Ah,Chee,WCE,MID
RWillsCOL,R,Rupert,Wills,,COL,MID
WDrewPOR,W,Willem,Drew,,POR,MID
JHatelyGWS,J,Jackson,Hately,,GWS,MID
WSetterfieldCAR,W,Will,Setterfield,,CAR,MID
DClarkeESS,D,Dylan,Clarke,,ESS,MID
TScullyHAW,T,Tom,Scully,,HAW,MID
JParsonsGEE,J,James,Parsons,,GEE,MID
JDaicosCOL,J,Josh,Daicos,,COL,MID
KMcIntoshRIC,K,Kamdyn,McIntosh,,RIC,MID
JClarkGEE,J,Jordan,Clark,,GEE,MID
RClarkeSYD,R,Ryan,Clarke,,SYD,MID
CAhBRI,C,Callum,Ah,Chee,BRI,MID
JRossRIC,J,Jack,Ross,,RIC,MID
PWilsonADE,P,Patrick,Wilson,,ADE,MID
DLanglandsSTK,D,Doulton,Langlands,,STK,MID
MGuelfiESS,M,Matt,Guelfi,,ESS,MID
OMarkovRIC,O,Oleg,Markov,,RIC,MID
OBakerMEL,O,Oskar,Baker,,MEL,MID
JCaldwellGWS,J,Jye,Caldwell,,GWS,MID
WPowellGCS,W,Wil,Powell,,GCS,MID
EPhillipsSTK,E,Ed,Phillips,,STK,MID
MHingeBRI,M,Mitchell,Hinge,,BRI,MID
JAtleyPOR,J,Joe,Atley,,POR,MID
LO'BrienCAR,L,Lochie,O'Brien,,CAR,MID
MHutchingsWCE,M,Mark,Hutchings,,WCE,MID
BSierCOL,B,Brayden,Sier,,COL,MID
LFogartyGEE,L,Lachie,Fogarty,,GEE,MID
KKolodjashnijMEL,K,Kade,Kolodjashnij,,MEL,MID
JAllisonBRI,J,Jacob,Allison,,BRI,MID
KHaydenNME,K,Kyron,Hayden,,NME,MID
JMcInerneySYD,J,Justin,McInerney,,SYD,MID
TSheridanGWS,T,Tommy,Sheridan,,GWS,MID
BJacobsNME,B,Ben,Jacobs,,NME,MID
BAinsworthWCE,B,Brayden,Ainsworth,,WCE,MID
KMutchESS,K,Kobe,Mutch,,ESS,MID
LJongWBD,L,Lin,Jong,,WBD,MID
SMayesPOR,S,Sam,Mayes,,POR,MID
SGiroFRE,S,Stefan,Giro,,FRE,MID
SSimpsonGEE,S,Sam,Simpson,,GEE,MID
NShipleyGWS,N,Nick,Shipley,,GWS,MID
CLyonsBRI,C,Corey,Lyons,,BRI,MID
TBrownCOL,T,Tyler,Brown,,COL,MID
TNorthFRE,T,Tom,North,,FRE,MID
TNorthFRE,T,Tom,North,,FRE,MID
HJonesHAW,H,Harrison,Jones,,HAW,MID
HBrayshawWCE,H,Hamish,Brayshaw,,WCE,MID
CPorterWBD,C,Callum,Porter,,WBD,MID
NMcHenryADE,N,Ned,McHenry,,ADE,MID
LValenteFRE,L,Luke,Valente,,FRE,MID
MRiordanGCS,M,Mitchell,Riordan,,GCS,MID
SFletcherGCS,S,Sam,Fletcher,,GCS,MID
XO'HalloranGWS,X,Xavier,O'Halloran,,GWS,MID
JJordonMEL,J,James,Jordon,,MEL,MID
ANietschkeMEL,A,Aaron,Nietschke,,MEL,MID
MPickettRIC,M,Marlion,Pickett,,RIC,MID
FTurnerRIC,F,Fraser,Turner,,RIC,MID
RCollier-DawkinsRIC,R,Riley,Collier-Dawkins,,RIC,MID
JBytelSTK,J,Jack,Bytel,,STK,MID
SWicksSYD,S,Samuel,Wicks,,SYD,MID
XO'NeillWCE,X,Xavier,O'Neill,,WCE,MID
MHibberdESS,M,Mitchell,Hibberd,,ESS,MID
MRowellGCS,M,Matthew,Rowell,,GCS,MID
NAndersonGCS,N,Noah,Anderson,,GCS,MID
DStephensSYD,D,Dylan,Stephens,,SYD,MID
CSerongFRE,C,Caleb,Serong,,FRE,MID
TGreenGWS,T,Tom,Green,,GWS,MID
CStephensGEE,C,Cooper,Stephens,,GEE,MID
BKempCAR,B,Brodie,Kemp,,CAR,MID
SPhilpCAR,S,Sam,Philp,,CAR,MID
TDowRIC,T,Thomson,Dow,,RIC,MID
DRobertsonBRI,D,Deven,Robertson,,BRI,MID
HSchoenbergADE,H,Harry,Schoenberg,,ADE,MID
JMeadPOR,J,Jackson,Mead,,POR,MID
JSharpGCS,J,Jeremy,Sharp,,GCS,MID
FMaginnessHAW,F,Finn,Maginness,,HAW,MID
CWarnerSYD,C,Chad,Warner,,SYD,MID
JRantallCOL,J,Jay,Rantall,,COL,MID
RO'ConnorADE,R,Ronin,O'Connor,,ADE,MID
WMartynRIC,W,Will,Martyn,,RIC,MID
SRamsayCAR,S,Sam,Ramsay,,CAR,MID
RByrnesSTK,R,Ryan,Byrnes,,STK,MID
MO'NeillWCE,M,Mitchell,O'Neill,,WCE,MID
RGarciaWBD,R,Riley,Garcia,,WBD,MID
JLloydSYD,J,Jake,Lloyd,,SYD,DEF
RLairdADE,R,Rory,Laird,,ADE,DEF
SDochertyCAR,S,Sam,Docherty,,CAR,DEF
JCrispCOL,J,Jack,Crisp,,COL,DEF
ZWilliamsGWS,Z,Zac,Williams,,GWS,DEF
BHouliRIC,B,Bachar,Houli,,RIC,DEF
JSicilyHAW,J,James,Sicily,,HAW,DEF
CDanielWBD,C,Caleb,Daniel,,WBD,DEF
TStewartGEE,T,Tom,Stewart,,GEE,DEF
SHurnWCE,S,Shannon,Hurn,,WCE,DEF
NNewmanCAR,N,Nic,Newman,,CAR,DEF
BSmithADE,B,Brodie,Smith,,ADE,DEF
DHoustonPOR,D,Dan,Houston,,POR,DEF
CBlakelyFRE,C,Connor,Blakely,,FRE,DEF
AWitherdenBRI,A,Alex,Witherden,,BRI,DEF
JDawsonSYD,J,Jordan,Dawson,,SYD,DEF
CSalemMEL,C,Christian,Salem,,MEL,DEF
HClarkSTK,H,Hunter,Clark,,STK,DEF
DByrne-JonesPOR,D,Darcy,Byrne-Jones,,POR,DEF
KSimpsonCAR,K,Kade,Simpson,,CAR,DEF
LWellerGCS,L,Lachie,Weller,,GCS,DEF
MSucklingWBD,M,Matthew,Suckling,,WBD,DEF
HShawGWS,H,Heath,Shaw,,GWS,DEF
WMileraADE,W,Wayne,Milera,,ADE,DEF
DRichBRI,D,Daniel,Rich,,BRI,DEF
NJonesMEL,N,Nathan,Jones,,MEL,DEF
LRyanFRE,L,Luke,Ryan,,FRE,DEF
MHurleyESS,M,Michael,Hurley,,ESS,DEF
JJohannisenWBD,J,Jason,Johannisen,,WBD,DEF
DRobertonSTK,D,Dylan,Roberton,,STK,DEF
BSheppardWCE,B,Brad,Sheppard,,WCE,DEF
NHaynesGWS,N,Nick,Haynes,,GWS,DEF
HCunninghamSYD,H,Harry,Cunningham,,SYD,DEF
JHoweCOL,J,Jeremy,Howe,,COL,DEF
NVlastuinRIC,N,Nick,Vlastuin,,RIC,DEF
CMillsSYD,C,Callum,Mills,,SYD,DEF
SSavageSTK,S,Shane,Savage,,STK,DEF
DRampeSYD,D,Dane,Rampe,,SYD,DEF
SStackRIC,S,Sydney,Stack,,RIC,DEF
SPetrevski-SetonCAR,S,Sam,Petrevski-Seton,,CAR,DEF
RBurtonPOR,R,Ryan,Burton,,POR,DEF
HHartlettPOR,H,Hamish,Hartlett,,POR,DEF
BMaynardCOL,B,Brayden,Maynard,,COL,DEF
BFritschMEL,B,Bayley,Fritsch,,MEL,DEF
ZTuohyGEE,Z,Zach,Tuohy,,GEE,DEF
JWattsPOR,J,Jack,Watts,,POR,DEF
CHookerESS,C,Cale,Hooker,,ESS,DEF
JMacmillanNME,J,Jamie,Macmillan,,NME,DEF
SHillFRE,S,Stephen,Hill,,FRE,DEF
SBurgoyneHAW,S,Shaun,Burgoyne,,HAW,DEF
PHanleyGCS,P,Pearce,Hanley,,GCS,DEF
GBirchallBRI,G,Grant,Birchall,,BRI,DEF
SEdwardsRIC,S,Shane,Edwards,,RIC,DEF
JLienertPOR,J,Jarrod,Lienert,,POR,DEF
TDuryeaWBD,T,Taylor,Duryea,,WBD,DEF
JHarbrowGCS,J,Jarrod,Harbrow,,GCS,DEF
JDawsonGCS,J,Jacob,Dawson,,GCS,DEF
JShortRIC,J,Jayden,Short,,RIC,DEF
BHardwickHAW,B,Blake,Hardwick,,HAW,DEF
JWebsterSTK,J,Jimmy,Webster,,STK,DEF
HCrozierWBD,H,Hayden,Crozier,,WBD,DEF
JPittardNME,J,Jasper,Pittard,,NME,DEF
MHoreMEL,M,Marty,Hore,,MEL,DEF
JImpeyHAW,J,Jarman,Impey,,HAW,DEF
CMcKennaESS,C,Conor,McKenna,,ESS,DEF
MRedmanESS,M,Mason,Redman,,ESS,DEF
LMcDonaldNME,L,Luke,McDonald,,NME,DEF
JMcGovernWCE,J,Jeremy,McGovern,,WCE,DEF
MBlicavsGEE,M,Mark,Blicavs,,GEE,DEF
JBattleSTK,J,Josh,Battle,,STK,DEF
JAishFRE,J,James,Aish,,FRE,DEF
ACerraFRE,A,Adam,Cerra,,FRE,DEF
DHoweHAW,D,Daniel,Howe,,HAW,DEF
ASaadESS,A,Adam,Saad,,ESS,DEF
RBonnerPOR,R,Riley,Bonner,,POR,DEF
SAtleyNME,S,Shaun,Atley,,NME,DEF
AKennedyGWS,A,Adam,Kennedy,,GWS,DEF
AKeathWBD,A,Alex,Keath,,WBD,DEF
CMarchbankCAR,C,Caleb,Marchbank,,CAR,DEF
JGearySTK,J,Jarryn,Geary,,STK,DEF
TMcKenziePOR,T,Trent,McKenzie,,POR,DEF
LBakerRIC,L,Liam,Baker,,RIC,DEF
JNobleCOL,J,John,Noble,,COL,DEF
JRidleyESS,J,Jordan,Ridley,,ESS,DEF
PDavisGWS,P,Phil,Davis,,GWS,DEF
JKellyADE,J,Jake,Kelly,,ADE,DEF
LDugganWCE,L,Liam,Duggan,,WCE,DEF
TDumanFRE,T,Taylin,Duman,,FRE,DEF
DMackayADE,D,David,Mackay,,ADE,DEF
LCasboultCAR,L,Levi,Casboult,,CAR,DEF
TLangdonCOL,T,Tom,Langdon,,COL,DEF
RTarrantNME,R,Robbie,Tarrant,,NME,DEF
NWilsonFRE,N,Nathan,Wilson,,FRE,DEF
SJ.GWS,S,Sam,J.,Reid,GWS,DEF
AAliirSYD,A,Aliir,Aliir,,SYD,DEF
TJonasPOR,T,Tom,Jonas,,POR,DEF
FWatsonWCE,F,Francis,Watson,,WCE,DEF
LGreenwoodCOL,L,Levi,Greenwood,,COL,DEF
BWilliamsWBD,B,Bailey,Williams,,WBD,DEF
LPlowmanCAR,L,Lachie,Plowman,,CAR,DEF
CEllisGCS,C,Corey,Ellis,,GCS,DEF
MHibberdMEL,M,Michael,Hibberd,,MEL,DEF
LJettaWCE,L,Lewis,Jetta,,WCE,DEF
IQuaynorCOL,I,Isaac,Quaynor,,COL,DEF
PAhernNME,P,Paul,Ahern,,NME,DEF
JLeverMEL,J,Jake,Lever,,MEL,DEF
CWilkieSTK,C,Callum,Wilkie,,STK,DEF
NCoffieldSTK,N,Nick,Coffield,,STK,DEF
BPatonSTK,B,Ben,Paton,,STK,DEF
MO'ConnorGEE,M,Mark,O'Connor,,GEE,DEF
TO'BrienHAW,T,Tim,O'Brien,,HAW,DEF
JScrimshawHAW,J,Jack,Scrimshaw,,HAW,DEF
LBrownADE,L,Luke,Brown,,ADE,DEF
JJoyceGCS,J,Jesse,Joyce,,GCS,DEF
MGleesonESS,M,Martin,Gleeson,,ESS,DEF
JThurlowSYD,J,Jackson,Thurlow,,SYD,DEF
EHughesFRE,E,Ethan,Hughes,,FRE,DEF
TClureyPOR,T,Tom,Clurey,,POR,DEF
DEggmolesse-SmithRIC,D,Derek,Eggmolesse-Smith,,RIC,DEF
SMayMEL,S,Steven,May,,MEL,DEF
DGardinerBRI,D,Darcy,Gardiner,,BRI,DEF
HTaylorGEE,H,Harry,Taylor,,GEE,DEF
MHartleyHAW,M,Michael,Hartley,,HAW,DEF
JTrengoveWBD,J,Jackson,Trengove,,WBD,DEF
DTaliaADE,D,Daniel,Talia,,ADE,DEF
TColeWCE,T,Thomas,Cole,,WCE,DEF
HAndrewsBRI,H,Harris,Andrews,,BRI,DEF
TBarrassWCE,T,Tom,Barrass,,WCE,DEF
JWeiteringCAR,J,Jacob,Weitering,,CAR,DEF
DAstburyRIC,D,David,Astbury,,RIC,DEF
NAnswerthBRI,N,Noah,Answerth,,BRI,DEF
LHendersonGEE,L,Lachlan,Henderson,,GEE,DEF
ZGuthrieGEE,Z,Zach,Guthrie,,GEE,DEF
BZerk-ThatcherESS,B,Brandon,Zerk-Thatcher,,ESS,DEF
JWalkerNME,J,Josh,Walker,,NME,DEF
JMurdochGCS,J,Jordan,Murdoch,,GCS,DEF
RLesterBRI,R,Ryan,Lester,,BRI,DEF
DGrimesRIC,D,Dylan,Grimes,,RIC,DEF
JRougheadCOL,J,Jordan,Roughead,,COL,DEF
JWagnerMEL,J,Josh,Wagner,,MEL,DEF
MWilliamsNME,M,Marley,Williams,,NME,DEF
CO'RiordanSYD,C,Colin,O'Riordan,,SYD,DEF
JRothamWCE,J,Josh,Rotham,,WCE,DEF
DMooreCOL,D,Darcy,Moore,,COL,DEF
CBallardGCS,C,Charlie,Ballard,,GCS,DEF
DHowardSTK,D,Dougal,Howard,,STK,DEF
AFrancisESS,A,Aaron,Francis,,ESS,DEF
CJiathHAW,C,Changkuoth,Jiath,,HAW,DEF
JCarlisleSTK,J,Jake,Carlisle,,STK,DEF
MBuntineGWS,M,Matt,Buntine,,GWS,DEF
SFrostHAW,S,Sam,Frost,,HAW,DEF
RFoxSYD,R,Robbie,Fox,,SYD,DEF
LYoungWBD,L,Lewis,Young,,WBD,DEF
JLukosiusGCS,J,Jack,Lukosius,,GCS,DEF
MScharenbergCOL,M,Matthew,Scharenberg,,COL,DEF
CGlassHAW,C,Conor,Glass,,HAW,DEF
GLogueFRE,G,Griffin,Logue,,FRE,DEF
JBewsGEE,J,Jed,Bews,,GEE,DEF
NBroadRIC,N,Nathan,Broad,,RIC,DEF
JFrawleyHAW,J,James,Frawley,,HAW,DEF
ICummingGWS,I,Isaac,Cumming,,GWS,DEF
MAdamsBRI,M,Marcus,Adams,,BRI,DEF
HPettyMEL,H,Harrison,Petty,,MEL,DEF
JKolodjashnijGEE,J,Jake,Kolodjashnij,,GEE,DEF
JNelsonWCE,J,Jackson,Nelson,,WCE,DEF
SCollinsGCS,S,Sam,Collins,,GCS,DEF
ZBaileyBRI,Z,Zac,Bailey,,BRI,DEF
JGarnerPOR,J,Joel,Garner,,POR,DEF
LYoungWBD,L,Lachlan,Young,,WBD,DEF
GHorlin-SmithGCS,G,George,Horlin-Smith,,GCS,DEF
EWoodWBD,E,Easton,Wood,,WBD,DEF
JHamlingFRE,J,Joel,Hamling,,FRE,DEF
JSteinGWS,J,Jake,Stein,,GWS,DEF
CGrahamGCS,C,Caleb,Graham,,GCS,DEF
LStockerCAR,L,Liam,Stocker,,CAR,DEF
LJonesCAR,L,Liam,Jones,,CAR,DEF
TWilliamsonCAR,T,Tom,Williamson,,CAR,DEF
DMcKenzieSTK,D,Daniel,McKenzie,,STK,DEF
JMadgenCOL,J,Jack,Madgen,,COL,DEF
PAmbroseESS,P,Patrick,Ambrose,,ESS,DEF
DJoyceSTK,D,Darragh,Joyce,,STK,DEF
JHenryGEE,J,Jack,Henry,,GEE,DEF
KBrandSYD,K,Kaiden,Brand,,SYD,DEF
LKeeffeGWS,L,Lachlan,Keeffe,,GWS,DEF
APearceFRE,A,Alex,Pearce,,FRE,DEF
STaylorGWS,S,Sam,Taylor,,GWS,DEF
LMelicanSYD,L,Lewis,Melican,,SYD,DEF
NJettaMEL,N,Neville,Jetta,,MEL,DEF
KHartiganADE,K,Kyle,Hartigan,,ADE,DEF
RGarthwaiteRIC,R,Ryan,Garthwaite,,RIC,DEF
ZCordyWBD,Z,Zaine,Cordy,,WBD,DEF
ACorrGWS,A,Aidan,Corr,,GWS,DEF
JHombschGCS,J,Jack,Hombsch,,GCS,DEF
JMarshSTK,J,Jonathon,Marsh,,STK,DEF
OMcDonaldMEL,O,Oscar,McDonald,,MEL,DEF
JBranderWCE,J,Jarrod,Brander,,WCE,DEF
JCarterFRE,J,Jason,Carter,,FRE,DEF
TDoedeeADE,T,Tom,Doedee,,ADE,DEF
BStrattonHAW,B,Ben,Stratton,,HAW,DEF
SDurdinNME,S,Sam,Durdin,,NME,DEF
WSchofieldWCE,W,Will,Schofield,,WCE,DEF
CBurgessGCS,C,Christopher,Burgess,,GCS,DEF
NBrownSTK,N,Nathan,Brown,,STK,DEF
CIdunGWS,C,Connor,Idun,,GWS,DEF
BMcKayNME,B,Ben,McKay,,NME,DEF
BStarcevichBRI,B,Brandon,Starcevich,,BRI,DEF
FApplebyCOL,F,Flynn,Appleby,,COL,DEF
ARanceRIC,A,Alex,Rance,,RIC,DEF
HGoddardCAR,H,Hugh,Goddard,,CAR,DEF
RStoddartSYD,R,Ryley,Stoddart,,SYD,DEF
HMacreadieCAR,H,Harrison,Macreadie,,CAR,DEF
LAustinSTK,L,Logan,Austin,,STK,DEF
MDawNME,M,Majak,Daw,,NME,DEF
JSmithMEL,J,Joel,Smith,,MEL,DEF
BLynchWBD,B,Brad,Lynch,,WBD,DEF
NMurphyCOL,N,Nathan,Murphy,,COL,DEF
TMurphyNME,T,Tom,Murphy,,NME,DEF
RThompsonGCS,R,Rory,Thompson,,GCS,DEF
MEaglesBRI,M,Matt,Eagles,,BRI,DEF
JMaibaumSYD,J,Jack,Maibaum,,SYD,DEF
AMcPhersonADE,A,Andrew,McPherson,,ADE,DEF
JPayneBRI,J,Jack,Payne,,BRI,DEF
BMillerRIC,B,Ben,Miller,,RIC,DEF
OClavarinoSTK,O,Oscar,Clavarino,,STK,DEF
MLingSYD,M,Matthew,Ling,,SYD,DEF
LShollADE,L,Lachlan,Sholl,,ADE,DEF
WHamillADE,W,William,Hamill,,ADE,DEF
JButtsADE,J,Jordon,Butts,,ADE,DEF
JMaddenBRI,J,James,Madden,,BRI,DEF
BSilvagniCAR,B,Ben,Silvagni,,CAR,DEF
MCottrellCAR,M,Matthew,Cottrell,,CAR,DEF
MKeaneCOL,M,Mark,Keane,,COL,DEF
DO'ReillyFRE,D,Dillon,O'Reilly,,FRE,DEF
TWatsonFRE,T,Tobe,Watson,,FRE,DEF
SOkunborGEE,S,Stefan,Okunbor,,GEE,DEF
JKennerleyGEE,J,Jacob,Kennerley,,GEE,DEF
BJarvisGEE,B,Ben,Jarvis,,GEE,DEF
JMcLennanGCS,J,Jez,McLennan,,GCS,DEF
KBriggsGWS,K,Kieren,Briggs,,GWS,DEF
CM.GWS,C,Callum,M.,Brown,GWS,DEF
JKoschitzkeHAW,J,Jacob,Koschitzke,,HAW,DEF
DGreavesHAW,D,Damon,Greaves,,HAW,DEF
JCrockerNME,J,Joel,Crocker,,NME,DEF
MFrederickPOR,M,Martin,Frederick,,POR,DEF
RGrundyPOR,R,Riley,Grundy,,POR,DEF
HReynoldsSYD,H,Harry,Reynolds,,SYD,DEF
LFoleyWCE,L,Luke,Foley,,WCE,DEF
HEdwardsWCE,H,Harry,Edwards,,WCE,DEF
BWilliamsWCE,B,Bailey,Williams,,WCE,DEF
BKhamisWBD,B,Buku,Khamis,,WBD,DEF
EVickers-WillisNME,E,Ed,Vickers-Willis,,NME,DEF
LAshGWS,L,Lachlan,Ash,,GWS,DEF
FMcaseyADE,F,Fischer,Mcasey,,ADE,DEF
HYoungFRE,H,Hayden,Young,,FRE,DEF
WDayHAW,W,Will,Day,,HAW,DEF
SDeGEE,S,Sam,De,Koning,GEE,DEF
WGouldSYD,W,Will,Gould,,SYD,DEF
JWorrellADE,J,Joshua,Worrell,,ADE,DEF
TRiversMEL,T,Trent,Rivers,,MEL,DEF
BSmithBRI,B,Brock,Smith,,BRI,DEF
FPerezNME,F,Flynn,Perez,,NME,DEF
TBiancoCOL,T,Trent,Bianco,,COL,DEF
LGollantADE,L,Lachlan,Gollant,,ADE,DEF
JPriorBRI,J,Jaxon,Prior,,BRI,DEF
TRuscoeCOL,T,Trey,Ruscoe,,COL,DEF
JPinaFRE,J,Jarvis,Pina,,FRE,DEF
JPasiniPOR,J,Jake,Pasini,,POR,DEF
BNyuonRIC,B,Bigoa,Nyuon,,RIC,DEF
LConnollySTK,L,Leo,Connolly,,STK,DEF
BRowlesSYD,B,Brady,Rowles,,SYD,DEF
BJohnsonWCE,B,Ben,Johnson,,WCE,DEF
LButlerWBD,L,Louis,Butler,,WBD,DEF
CMcBrideESS,C,Cian,McBride,,ESS,DEF
RMcQuillanESS,R,Ross,McQuillan,,ESS,DEF
LThomasFRE,L,Leno,Thomas,,FRE,DEF
LToweyGCS,L,Luke,Towey,,GCS,DEF
HPepperHAW,H,Harrison,Pepper,,HAW,DEF
MMcGuinnessNME,M,Matthew,McGuinness,,NME,DEF
